BEGIN TRANSACTION;
CREATE TABLE IF NOT EXISTS "Produkt" (
	"ID"	INTEGER NOT NULL PRIMARY KEY AUTOINCREMENT,
	"Bezeichnung"	TEXT NOT NULL,
	"MehrwertsteuerID"	INTEGER NOT NULL,
	"Details"	TEXT DEFAULT NULL,
	"Nettopreis"	REAL NOT NULL DEFAULT 0.0,
	"DownloadID"	INTEGER DEFAULT NULL,
	"FileName"	TEXT,
	"OriginalResolution"	TEXT,
	CONSTRAINT "fk_Produkt1" FOREIGN KEY("MehrwertsteuerID") REFERENCES "Mehrwertsteuer"("ID"),
	CONSTRAINT "fk_Produkt2" FOREIGN KEY("DownloadID") REFERENCES "Download"("ID")
);
CREATE TABLE IF NOT EXISTS "Produkt2Tags" (
	"ProduktID"	INTEGER NOT NULL,
	"TagID"	INTEGER NOT NULL,
	FOREIGN KEY("TagID") REFERENCES "Tags"("ID"),
	PRIMARY KEY("ProduktID","TagID"),
	FOREIGN KEY("ProduktID") REFERENCES "Produkt"("ID")
);
CREATE TABLE IF NOT EXISTS "Tags" (
	"ID"	INTEGER NOT NULL PRIMARY KEY AUTOINCREMENT,
	"Name"	TEXT NOT NULL
);
CREATE TABLE IF NOT EXISTS "Zahlungsart" (
	"ID"	INTEGER NOT NULL PRIMARY KEY AUTOINCREMENT,
	"Bezeichnung"	TEXT NOT NULL
);
CREATE TABLE IF NOT EXISTS "Produktbild" (
	"ID"	INTEGER NOT NULL PRIMARY KEY AUTOINCREMENT,
	"Bildpfad"	TEXT NOT NULL,
	"ProduktID"	INTEGER NOT NULL,
	CONSTRAINT "fk_Produktbild1" FOREIGN KEY("ProduktID") REFERENCES "Produkt"("ID")
);
CREATE TABLE IF NOT EXISTS "Person" (
	"ID"	INTEGER NOT NULL PRIMARY KEY AUTOINCREMENT,
	"Anrede"	INTEGER NOT NULL DEFAULT 0,
	"Vorname"	TEXT NOT NULL,
	"Nachname"	TEXT NOT NULL,
	"AdresseID"	INTEGER NOT NULL,
	"Telefonnummer"	TEXT NOT NULL,
	"Email"	TEXT NOT NULL,
	"Geburtstag"	TEXT DEFAULT NULL,
	CONSTRAINT "fk_Person1" FOREIGN KEY("AdresseID") REFERENCES "Adresse"("ID")
);
CREATE TABLE IF NOT EXISTS "Mehrwertsteuer" (
	"ID"	INTEGER NOT NULL PRIMARY KEY AUTOINCREMENT,
	"Bezeichnung"	TEXT NOT NULL,
	"SteuerSatz"	REAL NOT NULL DEFAULT 19.0
);
CREATE TABLE IF NOT EXISTS "Land" (
	"ID"	INTEGER NOT NULL PRIMARY KEY AUTOINCREMENT,
	"Kennzeichnung"	TEXT NOT NULL,
	"Bezeichnung"	TEXT NOT NULL
);
CREATE TABLE IF NOT EXISTS "Firma" (
	"ID"	INTEGER NOT NULL PRIMARY KEY AUTOINCREMENT,
	"Name"	TEXT NOT NULL,
	"Inhaber"	TEXT DEFAULT NULL,
	"Beschreibung"	TEXT NOT NULL,
	"AdresseID"	INTEGER NOT NULL,
	"AnsprechpartnerID"	INTEGER DEFAULT NULL,
	"BrancheID"	INTEGER DEFAULT NULL,
	CONSTRAINT "fk_Firma3" FOREIGN KEY("BrancheID") REFERENCES "Branche"("ID"),
	CONSTRAINT "fk_Firma2" FOREIGN KEY("AnsprechpartnerID") REFERENCES "Person"("ID"),
	CONSTRAINT "fk_Firma1" FOREIGN KEY("AdresseID") REFERENCES "Adresse"("ID")
);
CREATE TABLE IF NOT EXISTS "Einheit" (
	"ID"	INTEGER NOT NULL PRIMARY KEY AUTOINCREMENT,
	"Bezeichnung"	TEXT NOT NULL
);
CREATE TABLE IF NOT EXISTS "Download" (
	"ID"	INTEGER NOT NULL PRIMARY KEY AUTOINCREMENT,
	"Bezeichnung"	TEXT NOT NULL,
	"Beschreibung"	TEXT NOT NULL,
	"Bildpfad"	TEXT NOT NULL
);
CREATE TABLE IF NOT EXISTS "Branche" (
	"ID"	INTEGER NOT NULL PRIMARY KEY AUTOINCREMENT,
	"Bezeichnung"	TEXT NOT NULL
);
CREATE TABLE IF NOT EXISTS "Bestellung" (
	"ID"	INTEGER NOT NULL PRIMARY KEY AUTOINCREMENT,
	"Bestellzeitpunkt"	TEXT NOT NULL,
	"BestellerID"	INTEGER DEFAULT NULL,
	"ZahlungsartID"	INTEGER NOT NULL,
	CONSTRAINT "fk_Bestellung2" FOREIGN KEY("ZahlungsartID") REFERENCES "Zahlungsart"("ID"),
	CONSTRAINT "fk_Bestellung1" FOREIGN KEY("BestellerID") REFERENCES "Person"("ID")
);
CREATE TABLE IF NOT EXISTS "Bestellposition" (
	"ID"	INTEGER NOT NULL PRIMARY KEY AUTOINCREMENT,
	"BestellungID"	INTEGER NOT NULL,
	"ProduktID"	INTEGER NOT NULL,
	"Menge"	INTEGER NOT NULL DEFAULT 1,
	CONSTRAINT "fk_Bestellposition2" FOREIGN KEY("ProduktID") REFERENCES "Produkt"("ID"),
	CONSTRAINT "fk_Bestellposition1" FOREIGN KEY("BestellungID") REFERENCES "Bestellung"("ID")
);
CREATE TABLE IF NOT EXISTS "Adresse" (
	"ID"	INTEGER NOT NULL PRIMARY KEY AUTOINCREMENT,
	"Strasse"	TEXT NOT NULL,
	"Hausnummer"	TEXT NOT NULL,
	"Adresszusatz"	TEXT NOT NULL,
	"PLZ"	TEXT NOT NULL,
	"Ort"	TEXT NOT NULL,
	"LandID"	INTEGER NOT NULL,
	CONSTRAINT "fk_Adresse1" FOREIGN KEY("LandID") REFERENCES "Land"("ID")
);
INSERT INTO "Produkt" ("ID","Bezeichnung","MehrwertsteuerID","Details","Nettopreis","DownloadID","FileName","OriginalResolution") VALUES (1,'Alps in Winter',1,'A beautiful view of the snowy alps',209.44,1,'DSC_0723.jpg','(6000, 4000)'),
 (2,'Snowboard Jump',1,'A women jumping with a snowboard',54.37,2,'0TH_6478.jpg','(5497, 3096)'),
 (3,'Koala in a tree',1,'A koala sitting in a tree',154.85,3,'0TH_7839.jpg','(6016, 4016)'),
 (4,'The moon',1,'A clear view of the moon',205.29,4,'0TH_1750.jpg','(1646, 926)'),
 (5,'The Weser by night',1,'Bremen by night with a ship on the Weser',241.42,5,'0TH_0680.jpg','(6016, 4016)'),
 (6,'Farmer house with the Alps in the background',1,'A beautiful day at a farmer''s house with the snowy alps in the background',133.4,6,'0TH_2688.jpg','(5436, 3058)'),
 (7,'Muddy Mountainbiker',1,'Muddy Mountainbiker at the Albstadt Mountainbike Cup',139.05,7,'0TH_6828.jpg','(6016, 4016)'),
 (8,'Weird growing tree',1,'Weird growing tree in the botanical garden in Australia',151.79,8,'0TH_8235.jpg','(3677, 5508)'),
 (9,'The Elphi',1,'The Elphilharmonie in Hamburg by night',11.74,9,'0TH_1100.jpg','(5965, 2900)'),
 (10,'High jumping snowboarder',1,'A snowboarder, who jumps very high',58.11,10,'0TH_6585.jpg','(5610, 3156)'),
 (11,'View on a hotel in the Yellow Mountains',1,'A view on a hotel in the Chinese Yellow Mountains on a sunny day',55.95,11,'DSC01334.jpg','(5472, 3648)'),
 (12,'An abandoned quarry',1,'An abandoned quarry in south Germany',108.71,12,'0TH_2913.jpg','(6016, 4016)'),
 (13,'The Colosseum',1,'The Colosseum by night',209.1,13,'0TH_4454.jpg','(6016, 4016)'),
 (14,'A beautiful and colorful bird',1,'A beautiful and colorful bird in the wild',44.08,14,'DH5_6452.jpg','(6000, 4000)'),
 (15,'View from the Cristo Redentor',1,'View from the Cristo Redentor the statue of Christ in Rio de Janeiro',151.61,15,'DSC_1435.jpg','(6000, 4000)'),
 (16,'A zeppelin in the alps',1,'A zeppelin in the alps on a foggy day with the beautiful snowy alps in the background',188.15,16,'0TH_2739.jpg','(4901, 2757)'),
 (17,'A landing pidgeon',1,'A landing pidgeon on a street',97.81,17,'DSC_3135 (2).jpg','(6016, 4016)'),
 (18,'Mountainbiker going up the hill',1,'Muddy Mountainbiker at the Albstadt Mountainbike Cup going up the hill',133.18,18,'0TH_6709.jpg','(6016, 4016)'),
 (19,'The Meeting of the Waters',1,'The Meeting of the Waters where the Rio Negro and the Solimoes River are meeting and becoming the Amazonas River',88.72,19,'DSC_2976.jpg','(6000, 4000)'),
 (20,'Nightview from a bridge',1,'Nightview for a bridge in Bremen with a view to the Weser',168.0,20,'0TH_0641-HDR.jpg','(5995, 4002)'),
 (21,'Crowdy Shanghai by night',1,'Shanghai at the golden week by night',222.73,21,'0TH_1792.jpg','(6016, 4016)'),
 (22,'Foz do Iguazu',1,'Foz do Iguazu Waterfalls in Brasil',48.17,22,'DSC_2040.jpg','(6000, 4000)'),
 (23,'Foz do Iguazu 2',1,'Foz do Iguazu Waterfalls in Brasil',100.65,23,'DSC_2099.jpg','(6000, 4000)'),
 (24,'A portrait in Berlin',1,'A portrait in Berlin from a smiling girl',168.37,24,'DSC05112.jpg','(5472, 3648)'),
 (25,'Streetview of the Colosseum by night',1,'Streetview of the Colosseum by night from a street',12.19,25,'0TH_4458.jpg','(5662, 3477)'),
 (26,'A drinking animal',1,'A drinking animal in the zoo#',74.54,26,'DSC02002.jpg','(5472, 3648)'),
 (27,'A hummingbird',1,'A hummingbird with its tongue',211.32,27,'DH7_2364.jpg','(5335, 3557)'),
 (28,'Yellow Mountains 2',1,'A view from the Yellow Mountains in China',154.21,28,'DSC01345-Pano.jpg','(8174, 4357)'),
 (29,'The Twelve Apostels in Australia',1,'The Twelve Apostels in Australia on a cloudy day',189.77,29,'0TH_8592.jpg','(6016, 4016)'),
 (30,'Playing elephant babies in the zoo',1,'Playing and cuddling elephant babies',112.79,30,'DSC02048.jpg','(5472, 3648)'),
 (31,'A coockabara in Australia',1,'A coockabara in Australia sitting on a stone',189.76,31,'0TH_7645.jpg','(6016, 4016)'),
 (32,'Chinese industry',1,'Chinese industry in the 578 Art district',186.33,32,'0TH_4862.jpg','(6016, 4016)'),
 (33,'Portrait of a smiling girl in Berlin',1,'Portrait of a smiling girl in Berlin on a cloudy day',95.35,33,'DSC05123.jpg','(5472, 2984)'),
 (34,'Muddy Mountainbiker jumping',1,'Muddy Mountainbiker jumping in a race',186.89,34,'0TH_6817.jpg','(5655, 3181)'),
 (35,'A baby wild hog ',1,'A baby wild hog sniffing the ground',120.28,35,'DH5_6643.jpg','(6000, 4000)'),
 (36,'Old electrics',1,'Old electricts in a abandoned place',116.2,36,'0TH_2920.jpg','(4016, 6016)'),
 (37,'A guy in his small boat on the Amazonas',1,'A guy in his small boat on the Amazonas trying to get the water out of the boat',63.74,37,'DSC_2765.jpg','(6000, 4000)'),
 (38,'The volcano of Tenerife',1,'The volcano of Tenerife at a sunny day',36.17,38,'0TH_1553.jpg','(5840, 3285)'),
 (39,'Snowy Alps on a beautiful sunny day',1,'Snowy Alps on a beautiful sunny day and just a view clouds',76.05,39,'DSC_0730.jpg','(6000, 4000)'),
 (40,'Handball player throwing a goal',1,'Handball player throwing a goal and lying on the ground',244.95,40,'0TH_6059.jpg','(5742, 3910)'),
 (41,'Christ the Redeemer',1,'Christ the Redeemer covered in fog',167.34,41,'DSC_1337.jpg','(5734, 3823)'),
 (42,'A small wallaby eating of a human hand',1,'A small wallaby eating some food of a human hand',86.23,42,'0TH_7985.jpg','(6016, 4016)'),
 (43,'A table full of aboslutely tasty food',1,'A table full of aboslutely tasty food at a barbecue party',237.0,43,'DSC05899.jpg','(3648, 5472)'),
 (44,'An eye',1,'Macro photo of an eye',148.36,44,'DSC_0400.jpg','(6000, 4000)'),
 (45,'The big roundabout in Shanghai',1,'The big roundabout in Shanghai on a sunny da',82.48,45,'DSC_4474.jpg','(6000, 4000)'),
 (46,'A cliff in Australia',1,'A cliff at the Australian Big Ocean Road',144.71,46,'0TH_8491-Pano.jpg','(7952, 4584)'),
 (47,'Jumping Snowboarder',1,'Jumping snowboarder in the alps',218.48,47,'0TH_6586.jpg','(5214, 2933)'),
 (48,'A car on the side of the road at Tenerife',1,'A car on the side of the road at Tenerife with a cloudy background',213.45,48,'0TH_1535.jpg','(6016, 4016)'),
 (49,'A small river in Australia',1,'A small river in Australia in a forrest',14.25,49,'0TH_8669.jpg','(6016, 4016)'),
 (50,'Some Houses with mountains in the background',1,'Some Houses with mountains in the background Tenerife',75.33,50,'0TH_1181.jpg','(6016, 4016)'),
 (51,'Cable car in China',1,'Cable car in China in the mountains',61.86,51,'0TH_5188.jpg','(4016, 6016)'),
 (52,'The funny brothers',1,'The funny brothers playing',95.99,52,'0TH_0516.jpg','(5436, 3629)'),
 (53,'Dry ground of Tenerife',1,'Dry ground of Tenerife with dry plants',90.89,53,'0TH_1586.jpg','(6016, 4016)'),
 (54,'The biggest skyscrapers of Shanghai',1,'The skyscraper trio',87.39,54,'0TH_2011.jpg','(6016, 4016)'),
 (55,'The Chinese Great Wall',1,'The Chinese Great Wall',56.48,55,'0TH_4969.jpg','(6016, 4016)'),
 (56,'Small city on the bottom of the Yellow Mountains',1,'Small city on the bottom of the Yellow Mountains in China',86.81,56,'DSC01507.jpg','(5472, 3648)'),
 (57,'A Ferrari',1,'A Ferrari in France',145.09,57,'DSC_0984.jpg','(6000, 4000)'),
 (58,'An angry lookin bird',1,'An angry lookin bird with colourful feathers',64.33,58,'DSC_3448.jpg','(6000, 4000)'),
 (59,'A sleeping wild hog',1,'A sleeping wild hog covered in mud',177.47,59,'DH5_6634.jpg','(6000, 4000)'),
 (60,'Cable car at the German Pfaender',1,'Cable car at the German Pfaender',185.43,60,'0TH_2717.jpg','(5833, 3975)'),
 (61,'Windsurfer in Action',1,'Windsurfer in Action on a cloudy day',53.66,61,'0TH_0703.jpg','(5984, 2921)'),
 (62,'A ship at the port of Hamburg',1,'Nightview of a ship at the port of Hamburg',131.54,62,'0TH_1109.jpg','(5934, 3961)'),
 (63,'Makro view of an abandoned industry controller',1,'Makro view of an abandoned industry controller',225.27,63,'0TH_3043.jpg','(6016, 4016)');
INSERT INTO "Produkt2Tags" ("ProduktID","TagID") VALUES (1,8),
 (1,10),
 (1,9),
 (2,14),
 (2,10),
 (2,16),
 (2,8),
 (2,11),
 (3,18),
 (3,8),
 (3,19),
 (3,2),
 (4,8),
 (4,7),
 (5,7),
 (6,8),
 (6,10),
 (6,9),
 (7,16),
 (7,9),
 (7,12),
 (7,11),
 (8,18),
 (8,8),
 (9,7),
 (10,14),
 (10,10),
 (10,9),
 (10,8),
 (10,11),
 (11,5),
 (11,8),
 (11,9),
 (12,3),
 (12,8),
 (13,4),
 (13,7),
 (14,8),
 (14,19),
 (14,17),
 (15,8),
 (15,17),
 (15,9),
 (16,8),
 (16,10),
 (16,9),
 (17,8),
 (17,19),
 (17,2),
 (18,11),
 (18,16),
 (18,12),
 (19,8),
 (19,17),
 (20,7),
 (21,5),
 (21,16),
 (21,7),
 (22,8),
 (22,17),
 (23,8),
 (23,17),
 (24,16),
 (25,4),
 (25,7),
 (26,2),
 (27,8),
 (27,19),
 (27,2),
 (28,5),
 (28,8),
 (28,9),
 (29,18),
 (29,8),
 (30,2),
 (31,8),
 (31,19),
 (31,2),
 (32,3),
 (32,5),
 (33,16),
 (34,11),
 (34,16),
 (34,12),
 (35,8),
 (35,19),
 (35,2),
 (36,3),
 (37,18),
 (37,8),
 (37,16),
 (38,1),
 (38,8),
 (38,9),
 (39,8),
 (39,10),
 (39,9),
 (40,13),
 (40,11),
 (40,16),
 (41,17),
 (42,18),
 (42,8),
 (42,2),
 (42,17),
 (43,20),
 (44,15),
 (44,16),
 (45,5),
 (45,6),
 (46,18),
 (46,8),
 (47,14),
 (47,10),
 (47,16),
 (47,9),
 (47,11),
 (48,1),
 (48,8),
 (48,6),
 (48,9),
 (49,18),
 (49,8),
 (50,1),
 (50,8),
 (50,9),
 (52,8),
 (52,19),
 (52,2),
 (53,1),
 (53,8),
 (54,5),
 (55,5),
 (55,8),
 (55,9),
 (56,5),
 (56,9),
 (57,6),
 (58,15),
 (58,2),
 (59,8),
 (59,2),
 (60,8),
 (60,9),
 (61,11),
 (61,16),
 (62,3),
 (62,7),
 (63,15),
 (63,3);
INSERT INTO "Tags" ("ID","Name") VALUES (1,'tenerife'),
 (2,'animals'),
 (3,'industry'),
 (4,'rome'),
 (5,'china'),
 (6,'cars'),
 (7,'nightshot'),
 (8,'nature'),
 (9,'mountains'),
 (10,'snow'),
 (11,'sports'),
 (12,'mountainbike'),
 (13,'handball'),
 (14,'skiing'),
 (15,'makro'),
 (16,'humans'),
 (17,'brazil'),
 (18,'australia'),
 (19,'wildlife'),
 (20,'food'),
 (21,'portraits');
INSERT INTO "Produktbild" ("ID","Bildpfad","ProduktID") VALUES (1,'media/DSC_0723.jpg',1),
 (2,'media/0TH_6478.jpg',2),
 (3,'media/0TH_7839.jpg',3),
 (4,'media/0TH_1750.jpg',4),
 (5,'media/0TH_0680.jpg',5),
 (6,'media/0TH_2688.jpg',6),
 (7,'media/0TH_6828.jpg',7),
 (8,'media/0TH_8235.jpg',8),
 (9,'media/0TH_1100.jpg',9),
 (10,'media/0TH_6585.jpg',10),
 (11,'media/DSC01334.jpg',11),
 (12,'media/0TH_2913.jpg',12),
 (13,'media/0TH_4454.jpg',13),
 (14,'media/DH5_6452.jpg',14),
 (15,'media/DSC_1435.jpg',15),
 (16,'media/0TH_2739.jpg',16),
 (17,'media/DSC_3135 (2).jpg',17),
 (18,'media/0TH_6709.jpg',18),
 (19,'media/DSC_2976.jpg',19),
 (20,'media/0TH_0641-HDR.jpg',20),
 (21,'media/0TH_1792.jpg',21),
 (22,'media/DSC_2040.jpg',22),
 (23,'media/DSC_2099.jpg',23),
 (24,'media/DSC05112.jpg',24),
 (25,'media/0TH_4458.jpg',25),
 (26,'media/DSC02002.jpg',26),
 (27,'media/DH7_2364.jpg',27),
 (28,'media/DSC01345-Pano.jpg',28),
 (29,'media/0TH_8592.jpg',29),
 (30,'media/DSC02048.jpg',30),
 (31,'media/0TH_7645.jpg',31),
 (32,'media/0TH_4862.jpg',32),
 (33,'media/DSC05123.jpg',33),
 (34,'media/0TH_6817.jpg',34),
 (35,'media/DH5_6643.jpg',35),
 (36,'media/0TH_2920.jpg',36),
 (37,'media/DSC_2765.jpg',37),
 (38,'media/0TH_1553.jpg',38),
 (39,'media/DSC_0730.jpg',39),
 (40,'media/0TH_6059.jpg',40),
 (41,'media/DSC_1337.jpg',41),
 (42,'media/0TH_7985.jpg',42),
 (43,'media/DSC05899.jpg',43),
 (44,'media/DSC_0400.jpg',44),
 (45,'media/DSC_4474.jpg',45),
 (46,'media/0TH_8491-Pano.jpg',46),
 (47,'media/0TH_6586.jpg',47),
 (48,'media/0TH_1535.jpg',48),
 (49,'media/0TH_8669.jpg',49),
 (50,'media/0TH_1181.jpg',50),
 (51,'media/0TH_5188.jpg',51),
 (52,'media/0TH_0516.jpg',52),
 (53,'media/0TH_1586.jpg',53),
 (54,'media/0TH_2011.jpg',54),
 (55,'media/0TH_4969.jpg',55),
 (56,'media/DSC01507.jpg',56),
 (57,'media/DSC_0984.jpg',57),
 (58,'media/DSC_3448.jpg',58),
 (59,'media/DH5_6634.jpg',59),
 (60,'media/0TH_2717.jpg',60),
 (61,'media/0TH_0703.jpg',61),
 (62,'media/0TH_1109.jpg',62),
 (63,'media/0TH_3043.jpg',63);
INSERT INTO "Mehrwertsteuer" ("ID","Bezeichnung","SteuerSatz") VALUES (1,'Normal',19.0),
 (2,'Reduziert',7.0);
INSERT INTO "Download" ("ID","Bezeichnung","Beschreibung","Bildpfad") VALUES (1,'Alps in Winter','A beautiful view of the snowy alps','media/DSC_0723.jpg'),
 (2,'Snowboard Jump','A women jumping with a snowboard','media/0TH_6478.jpg'),
 (3,'Koala in a tree','A koala sitting in a tree','media/0TH_7839.jpg'),
 (4,'The moon','A clear view of the moon','media/0TH_1750.jpg'),
 (5,'The Weser by night','Bremen by night with a ship on the Weser','media/0TH_0680.jpg'),
 (6,'Farmer house with the Alps in the background','A beautiful day at a farmer''s house with the snowy alps in the background','media/0TH_2688.jpg'),
 (7,'Muddy Mountainbiker','Muddy Mountainbiker at the Albstadt Mountainbike Cup','media/0TH_6828.jpg'),
 (8,'Weird growing tree','Weird growing tree in the botanical garden in Australia','media/0TH_8235.jpg'),
 (9,'The Elphi','The Elphilharmonie in Hamburg by night','media/0TH_1100.jpg'),
 (10,'High jumping snowboarder','A snowboarder, who jumps very high','media/0TH_6585.jpg'),
 (11,'View on a hotel in the Yellow Mountains','A view on a hotel in the Chinese Yellow Mountains on a sunny day','media/DSC01334.jpg'),
 (12,'An abandoned quarry','An abandoned quarry in south Germany','media/0TH_2913.jpg'),
 (13,'The Colosseum','The Colosseum by night','media/0TH_4454.jpg'),
 (14,'A beautiful and colorful bird','A beautiful and colorful bird in the wild','media/DH5_6452.jpg'),
 (15,'View from the Cristo Redentor','View from the Cristo Redentor the statue of Christ in Rio de Janeiro','media/DSC_1435.jpg'),
 (16,'A zeppelin in the alps','A zeppelin in the alps on a foggy day with the beautiful snowy alps in the background','media/0TH_2739.jpg'),
 (17,'A landing pidgeon','A landing pidgeon on a street','media/DSC_3135 (2).jpg'),
 (18,'Mountainbiker going up the hill','Muddy Mountainbiker at the Albstadt Mountainbike Cup going up the hill','media/0TH_6709.jpg'),
 (19,'The Meeting of the Waters','The Meeting of the Waters where the Rio Negro and the Solimoes River are meeting and becoming the Amazonas River','media/DSC_2976.jpg'),
 (20,'Nightview from a bridge','Nightview for a bridge in Bremen with a view to the Weser','media/0TH_0641-HDR.jpg'),
 (21,'Crowdy Shanghai by night','Shanghai at the golden week by night','media/0TH_1792.jpg'),
 (22,'Foz do Iguazu','Foz do Iguazu Waterfalls in Brasil','media/DSC_2040.jpg'),
 (23,'Foz do Iguazu 2','Foz do Iguazu Waterfalls in Brasil','media/DSC_2099.jpg'),
 (24,'A portrait in Berlin','A portrait in Berlin from a smiling girl','media/DSC05112.jpg'),
 (25,'Streetview of the Colosseum by night','Streetview of the Colosseum by night from a street','media/0TH_4458.jpg'),
 (26,'A drinking animal','A drinking animal in the zoo#','media/DSC02002.jpg'),
 (27,'A hummingbird','A hummingbird with its tongue','media/DH7_2364.jpg'),
 (28,'Yellow Mountains 2','A view from the Yellow Mountains in China','media/DSC01345-Pano.jpg'),
 (29,'The Twelve Apostels in Australia','The Twelve Apostels in Australia on a cloudy day','media/0TH_8592.jpg'),
 (30,'Playing elephant babies in the zoo','Playing and cuddling elephant babies','media/DSC02048.jpg'),
 (31,'A coockabara in Australia','A coockabara in Australia sitting on a stone','media/0TH_7645.jpg'),
 (32,'Chinese industry','Chinese industry in the 578 Art district','media/0TH_4862.jpg'),
 (33,'Portrait of a smiling girl in Berlin','Portrait of a smiling girl in Berlin on a cloudy day','media/DSC05123.jpg'),
 (34,'Muddy Mountainbiker jumping','Muddy Mountainbiker jumping in a race','media/0TH_6817.jpg'),
 (35,'A baby wild hog ','A baby wild hog sniffing the ground','media/DH5_6643.jpg'),
 (36,'Old electrics','Old electricts in a abandoned place','media/0TH_2920.jpg'),
 (37,'A guy in his small boat on the Amazonas','A guy in his small boat on the Amazonas trying to get the water out of the boat','media/DSC_2765.jpg'),
 (38,'The volcano of Tenerife','The volcano of Tenerife at a sunny day','media/0TH_1553.jpg'),
 (39,'Snowy Alps on a beautiful sunny day','Snowy Alps on a beautiful sunny day and just a view clouds','media/DSC_0730.jpg'),
 (40,'Handball player throwing a goal','Handball player throwing a goal and lying on the ground','media/0TH_6059.jpg'),
 (41,'Christ the Redeemer','Christ the Redeemer covered in fog','media/DSC_1337.jpg'),
 (42,'A small wallaby eating of a human hand','A small wallaby eating some food of a human hand','media/0TH_7985.jpg'),
 (43,'A table full of aboslutely tasty food','A table full of aboslutely tasty food at a barbecue party','media/DSC05899.jpg'),
 (44,'An eye','Macro photo of an eye','media/DSC_0400.jpg'),
 (45,'The big roundabout in Shanghai','The big roundabout in Shanghai on a sunny da','media/DSC_4474.jpg'),
 (46,'A cliff in Australia','A cliff at the Australian Big Ocean Road','media/0TH_8491-Pano.jpg'),
 (47,'Jumping Snowboarder','Jumping snowboarder in the alps','media/0TH_6586.jpg'),
 (48,'A car on the side of the road at Tenerife','A car on the side of the road at Tenerife with a cloudy background','media/0TH_1535.jpg'),
 (49,'A small river in Australia','A small river in Australia in a forrest','media/0TH_8669.jpg'),
 (50,'Some Houses with mountains in the background','Some Houses with mountains in the background Tenerife','media/0TH_1181.jpg'),
 (51,'Cable car in China','Cable car in China in the mountains','media/0TH_5188.jpg'),
 (52,'The funny brothers','The funny brothers playing','media/0TH_0516.jpg'),
 (53,'Dry ground of Tenerife','Dry ground of Tenerife with dry plants','media/0TH_1586.jpg'),
 (54,'The biggest skyscrapers of Shanghai','The skyscraper trio','media/0TH_2011.jpg'),
 (55,'The Chinese Great Wall','The Chinese Great Wall','media/0TH_4969.jpg'),
 (56,'Small city on the bottom of the Yellow Mountains','Small city on the bottom of the Yellow Mountains in China','media/DSC01507.jpg'),
 (57,'A Ferrari','A Ferrari in France','media/DSC_0984.jpg'),
 (58,'An angry lookin bird','An angry lookin bird with colourful feathers','media/DSC_3448.jpg'),
 (59,'A sleeping wild hog','A sleeping wild hog covered in mud','media/DH5_6634.jpg'),
 (60,'Cable car at the German Pfaender','Cable car at the German Pfaender','media/0TH_2717.jpg'),
 (61,'Windsurfer in Action','Windsurfer in Action on a cloudy day','media/0TH_0703.jpg'),
 (62,'A ship at the port of Hamburg','Nightview of a ship at the port of Hamburg','media/0TH_1109.jpg'),
 (63,'Makro view of an abandoned industry controller','Makro view of an abandoned industry controller','media/0TH_3043.jpg');
COMMIT;
